<?xml version="1.0" encoding="UTF-8"?>
<project-private xmlns="http://www.netbeans.org/ns/project-private/1">
    <editor-bookmarks xmlns="http://www.netbeans.org/ns/editor-bookmarks/2" lastBookmarkId="0"/>
    <open-files xmlns="http://www.netbeans.org/ns/projectui-open-files/2">
        <group>
            <file>file:/C:/Code/Comp%20Sci%20221/NetBeans%20Project%20Folders/CourseSchedulerAshwinHonnawarkaramh8280/src/ScheduleQueries.java</file>
            <file>file:/C:/Code/Comp%20Sci%20221/NetBeans%20Project%20Folders/CourseSchedulerAshwinHonnawarkaramh8280/src/CourseQueries.java</file>
            <file>file:/C:/Code/Comp%20Sci%20221/NetBeans%20Project%20Folders/CourseSchedulerAshwinHonnawarkaramh8280/src/MultiTableQueries.java</file>
            <file>file:/C:/Code/Comp%20Sci%20221/NetBeans%20Project%20Folders/CourseSchedulerAshwinHonnawarkaramh8280/src/ClassDescription.java</file>
            <file>file:/C:/Code/Comp%20Sci%20221/NetBeans%20Project%20Folders/CourseSchedulerAshwinHonnawarkaramh8280/src/ClassEntry.java</file>
            <file>file:/C:/Code/Comp%20Sci%20221/NetBeans%20Project%20Folders/CourseSchedulerAshwinHonnawarkaramh8280/src/StudentEntry.java</file>
            <file>file:/C:/Code/Comp%20Sci%20221/NetBeans%20Project%20Folders/CourseSchedulerAshwinHonnawarkaramh8280/src/MainFrame.java</file>
            <file>file:/C:/Code/Comp%20Sci%20221/NetBeans%20Project%20Folders/CourseSchedulerAshwinHonnawarkaramh8280/src/CourseEntry.java</file>
            <file>file:/C:/Code/Comp%20Sci%20221/NetBeans%20Project%20Folders/CourseSchedulerAshwinHonnawarkaramh8280/src/DBConnection.java</file>
            <file>file:/C:/Code/Comp%20Sci%20221/NetBeans%20Project%20Folders/CourseSchedulerAshwinHonnawarkaramh8280/src/StudentQueries.java</file>
            <file>file:/C:/Code/Comp%20Sci%20221/NetBeans%20Project%20Folders/CourseSchedulerAshwinHonnawarkaramh8280/src/ClassQueries.java</file>
            <file>file:/C:/Code/Comp%20Sci%20221/NetBeans%20Project%20Folders/CourseSchedulerAshwinHonnawarkaramh8280/src/ScheduleEntry.java</file>
            <file>file:/C:/Code/Comp%20Sci%20221/NetBeans%20Project%20Folders/CourseSchedulerAshwinHonnawarkaramh8280/src/SemesterQueries.java</file>
        </group>
    </open-files>
</project-private>
